﻿<?xml version="1.0" encoding="utf-8"?>
<manifest identifier="_61ZNlO2IZQ3_course_id" version="1.0" xmlns="http://www.imsproject.org/xsd/imscp_rootv1p1p2" xmlns:adlcp="http://www.adlnet.org/xsd/adlcp_rootv1p2" xmlns:xsi="http://www.w3.org/2001/XMLSchema-instance" xsi:schemaLocation="http://www.imsproject.org/xsd/imscp_rootv1p1p2 imscp_rootv1p1p2.xsd http://www.imsglobal.org/xsd/imsmd_rootv1p2p1 imsmd_rootv1p2p1.xsd http://www.adlnet.org/xsd/adlcp_rootv1p2 adlcp_rootv1p2.xsd">
  <metadata>
    <schema>ADL SCORM</schema>
    <schemaversion>1.2</schemaversion>
    <lom xmlns="http://www.imsglobal.org/xsd/imsmd_rootv1p2p1" xmlns:xsi="http://www.w3.org/2001/XMLSchema-instance" xsi:schemaLocation="http://www.imsglobal.org/xsd/imsmd_rootv1p2p1 imsmd_rootv1p2p1.xsd">
      <general>
        <title>
          <langstring xml:lang="x-none">Logical Fallacy</langstring>
        </title>
      </general>
      <lifecycle>
        <version>
          <langstring xml:lang="x-none">1</langstring>
        </version>
        <status>
          <source>
            <langstring xml:lang="x-none">LOMv1.0</langstring>
          </source>
          <value>
            <langstring xml:lang="x-none">Final</langstring>
          </value>
        </status>
      </lifecycle>
      <metametadata>
        <metadatascheme>ADL SCORM 1.2</metadatascheme>
      </metametadata>
      <educational>
        <typicallearningtime>
          <datetime>PT0H0M0S</datetime>
        </typicallearningtime>
      </educational>
      <rights>
        <cost>
          <source>
            <langstring xml:lang="x-none">LOMv1.0</langstring>
          </source>
          <value>
            <langstring xml:lang="x-none">yes</langstring>
          </value>
        </cost>
        <copyrightandotherrestrictions>
          <source>
            <langstring xml:lang="x-none">LOMv1.0</langstring>
          </source>
          <value>
            <langstring xml:lang="x-none">yes</langstring>
          </value>
        </copyrightandotherrestrictions>
      </rights>
    </lom>
  </metadata>
  <organizations default="Logical_Fallacy_ORG">
    <organization identifier="Logical_Fallacy_ORG">
      <title>Logical Fallacy</title>
      <item identifier="Logical_Fallacy_SCO" isvisible="true" identifierref="__61ZNlO2IZQ3_course_id_RES">
        <title>Logical Fallacy</title>
        <adlcp:masteryscore>80</adlcp:masteryscore>
      </item>
    </organization>
  </organizations>
  <resources>
    <resource identifier="__61ZNlO2IZQ3_course_id_RES" type="webcontent" href="index_lms.html" adlcp:scormtype="sco">
      <file href="story_content/thumbnail.jpg" />
      <file href="story_content/video_6GpIg07YOz8_22_48_402x226.mp4" />
      <file href="mobile/poster_6f68m2nxOc7_video_6GpIg07YOz8_22_48_402x226.jpg" />
      <file href="meta.xml" />
      <file href="story_content/user.js" />
      <file href="mobile/Slide674NU9UVjzQ.jpg" />
      <file href="mobile/Slide6NXdBCbguDX.jpg" />
      <file href="mobile/Slide6gAAZOsqPRW.jpg" />
      <file href="mobile/Slide64xkyO59HZP.jpg" />
      <file href="mobile/Slide5VlM9NZ8Z1o.jpg" />
      <file href="mobile/Slide5mNgaGF5uG2.jpg" />
      <file href="mobile/Slide5jBvvZ0f4jZ.jpg" />
      <file href="mobile/Slide5houUiLevOB.jpg" />
      <file href="html5/data/css/output.min.css" />
      <file href="html5/data/js/5d3riXRIJ4X.js" />
      <file href="html5/data/js/5dLUfmOjOe1.js" />
      <file href="html5/data/js/5ggO3urRgdK.js" />
      <file href="html5/data/js/5szdRUzV5pU.js" />
      <file href="html5/data/js/5XIUZGACtZr.js" />
      <file href="html5/data/js/60xBshKI0te.js" />
      <file href="html5/data/js/6ckVGlPgGWX.js" />
      <file href="html5/data/js/6ZW7FF5ctqP.js" />
      <file href="html5/data/js/data.js" />
      <file href="html5/data/js/frame.js" />
      <file href="html5/data/js/paths.js" />
      <file href="html5/lib/scripts/bootstrapper.min.js" />
      <file href="html5/lib/scripts/frame.desktop.min.js" />
      <file href="html5/lib/scripts/frame.mobile.min.js" />
      <file href="html5/lib/scripts/slides.min.js" />
      <file href="html5/lib/stylesheets/desktop.min.css" />
      <file href="html5/lib/stylesheets/mobile.min.css" />
      <file href="html5/lib/stylesheets/mobile-fonts/open-sans-bold.woff" />
      <file href="html5/lib/stylesheets/mobile-fonts/open-sans-light.woff" />
      <file href="html5/lib/stylesheets/mobile-fonts/open-sans-regular.woff" />
      <file href="analytics-frame.html" />
      <file href="story.html" />
      <file href="index_lms.html" />
      <file href="lms/AICCComm.html" />
      <file href="lms/blank.html" />
      <file href="lms/browsersniff.js" />
      <file href="lms/goodbye.html" />
      <file href="lms/scormdriver.js" />
    </resource>
  </resources>
</manifest>